{
    "crane": {
        "dice": 0.4978610148112847,
        "iou": 0.4873321762161592
    },
    "tent": {
        "dice": 0.8469309674544434,
        "iou": 0.8120514627600695
    },
    "truck": {
        "dice": 0.9586499875093026,
        "iou": 0.9428381319749318
    },
    "net": {
        "dice": 0.1576574524978775,
        "iou": 0.11812249294358217
    },
    "total": {
        "dice": 0.615274855568227,
        "iou": 0.5900860659736856
    }
}