{
    "crane": {
        "dice": 0.48482578428970935,
        "iou": 0.4724107385171106
    },
    "tent": {
        "dice": 0.753946301155206,
        "iou": 0.7163672254006479
    },
    "truck": {
        "dice": 0.9412363353597587,
        "iou": 0.916683077900595
    },
    "net": {
        "dice": 0.22033516480967227,
        "iou": 0.1581828596610015
    },
    "total": {
        "dice": 0.6000858964035866,
        "iou": 0.5659109753698387
    }
}